{"rho": -0.028635647623824288, "tau": -0.015500255558395086, "prec_at_10": 0.04142857142857143, "prec_at_20": 0.06464285714285715, "model_error": 0.03020945078540581, "score_time_cost": 7.300468921661377, "_timestamp": 1673918995.2540946, "_runtime": 75.97848653793335, "_step": 0, "_wandb": {"runtime": 75}}