{"rho": 0.9862466571041517, "tau": 0.9025873591989989, "prec_at_10": 0.985, "prec_at_20": 0.9947500000000001, "model_error": 0.00018023950701627598, "score_time_cost": 18.93842577934265, "_timestamp": 1673777190.3446782, "_runtime": 1244.2720820903778, "_step": 0, "_wandb": {"runtime": 1243}}