{"rho": 0.9123135287172719, "tau": 0.7597549019607844, "prec_at_10": 0.9975, "prec_at_20": 0.9920833333333333, "model_error": 0.0006975018708948001, "score_time_cost": 2.1906704902648926, "_timestamp": 1673777853.0007062, "_runtime": 201.8516881465912, "_step": 0, "_wandb": {"runtime": 201}}