{"rho": 0.9404532719351425, "tau": 0.8349377536836253, "prec_at_10": 0.8703333333333334, "prec_at_20": 0.8876666666666667, "model_error": 0.0005872831956674591, "score_time_cost": 118.15228343009949, "_timestamp": 1673779496.8193998, "_runtime": 3411.931671857834, "_step": 0, "_wandb": {"runtime": 3411}}