{"rho": 0.05851870525409709, "tau": 0.0419557518893067, "prec_at_10": 0.025, "prec_at_20": 0.054285714285714284, "model_error": 0.02739392768289526, "score_time_cost": 7.238003969192505, "_timestamp": 1673775251.8161726, "_runtime": 9.850194692611694, "_step": 0, "_wandb": {"runtime": 9}}