{"rho": 0.8920404195179457, "tau": 0.7283646088131137, "prec_at_10": 0.6478571428571428, "prec_at_20": 0.7392857142857143, "model_error": 0.00157181983705723, "score_time_cost": 6.967967987060547, "_timestamp": 1673776579.1953065, "_runtime": 655.9187774658203, "_step": 0, "_wandb": {"runtime": 655}}