{"rho": 0.1675915319778912, "tau": 0.11435371107298017, "prec_at_10": 0.035, "prec_at_20": 0.09035714285714284, "model_error": 0.03425206869129518, "score_time_cost": 7.57576584815979, "_timestamp": 1673919087.0046492, "_runtime": 9.774985074996948, "_step": 0, "_wandb": {"runtime": 9}}